---,BoneLocations,RootTransformMatters,RootRotation,RootLocation
FingerGun,"((X=0.0,Y=0.0,Z=0.0),(X=1.049652,Y=2.00693,Z=1.15541),(X=1.049652,Y=2.00693,Z=1.15541),(X=3.091684,Y=3.38605,Z=1.478872),(X=5.181414,Y=5.863233,Z=1.738661),(X=5.181416,Y=5.863232,Z=1.73866),(X=7.273,Y=8.50807,Z=1.515425),(X=7.272997,Y=8.508072,Z=1.515425),(X=8.481521,Y=9.369632,Z=1.435504),(X=9.308784,Y=9.873191,Z=1.282777),(X=7.870755,Y=10.029618,Z=1.775763),(X=8.814529,Y=8.94358,Z=1.236707),(X=1.548344,Y=4.07296,Z=3.743811),(X=3.327358,Y=2.039917,Z=0.786416),(X=2.80285,Y=3.595843,Z=1.915772),(X=2.355068,Y=9.599624,Z=0.731645),(X=2.355068,Y=9.599624,Z=0.731645),(X=2.355068,Y=9.599624,Z=0.731645),(X=1.585774,Y=13.159947,Z=1.788569),(X=1.585773,Y=13.159952,Z=1.78857),(X=1.066308,Y=15.372835,Z=2.648773),(X=1.066307,Y=15.372837,Z=2.648773),(X=0.75205,Y=16.449083,Z=2.939629),(X=0.425667,Y=17.467794,Z=3.110621),(X=0.675623,Y=16.645538,Z=3.582656),(X=0.585615,Y=16.947212,Z=2.438424),(X=0.172591,Y=9.564661,Z=0.254315),(X=0.172591,Y=9.564661,Z=0.254315),(X=0.172591,Y=9.564661,Z=0.254315),(X=-0.028944,Y=10.475012,Z=4.444531),(X=-0.028946,Y=10.475013,Z=4.444523),(X=0.661348,Y=7.813637,Z=4.618928),(X=0.661345,Y=7.813646,Z=4.618928),(X=0.978584,Y=7.212701,Z=3.605274),(X=1.290379,Y=6.481743,Z=2.599831),(X=1.058291,Y=7.476033,Z=2.822723),(X=1.145857,Y=6.41664,Z=3.552012),(X=-0.368892,Y=10.557571,Z=0.082314),(X=-1.746524,Y=8.869379,Z=0.652931),(X=-1.746524,Y=8.869379,Z=0.652931),(X=-1.746524,Y=8.869379,Z=0.652931),(X=-1.475422,Y=9.150155,Z=4.53296),(X=-1.475422,Y=9.150154,Z=4.532965),(X=-0.592286,Y=6.644186,Z=4.573254),(X=-0.592291,Y=6.644193,Z=4.573253),(X=-0.364558,Y=6.079926,Z=3.545997),(X=-0.104886,Y=5.355497,Z=2.561818),(X=-0.449116,Y=6.24282,Z=2.718801),(X=-0.056028,Y=5.366423,Z=3.518038),(X=-3.505406,Y=7.789585,Z=1.369118),(X=-3.505406,Y=7.789585,Z=1.369118),(X=2.42547,Y=10.016154,Z=2.38383),(X=0.061962,Y=9.87255,Z=2.064966),(X=-1.88233,Y=9.011188,Z=2.344162),(X=-3.802669,Y=7.670982,Z=2.712936),(X=2.192823,Y=9.611815,Z=-0.521866),(X=-2.063757,Y=8.772871,Z=-0.342694),(X=-3.734504,Y=7.580273,Z=0.413205),(X=0.424187,Y=8.176033,Z=2.053984),(X=2.514459,Y=3.112573,Z=-0.263203),(X=0.085723,Y=3.22587,Z=-1.390163),(X=-0.987424,Y=3.179338,Z=-1.272007),(X=-1.531331,Y=3.088745,Z=-1.056948),(X=1.211487,Y=2.388174,Z=3.349584),(X=1.211487,Y=2.388174,Z=3.349584),(X=-1.040151,Y=2.506731,Z=2.954595),(X=-1.861507,Y=2.455912,Z=2.867835),(X=-2.299857,Y=3.407356,Z=0.941983),(X=-3.505407,Y=7.789585,Z=1.369119),(X=-2.674147,Y=7.950766,Z=4.322161),(X=-2.674149,Y=7.950766,Z=4.322161),(X=-1.979324,Y=6.053303,Z=4.528017),(X=-1.979323,Y=6.053294,Z=4.528018),(X=-1.7765,Y=5.315418,Z=3.615565),(X=-1.536764,Y=4.622935,Z=2.92194),(X=-1.976316,Y=5.299057,Z=2.905789),(X=-1.453098,Y=4.748442,Z=3.704755))","false","(Pitch=0.0,Yaw=0.0,Roll=0.0)","(X=0.0,Y=0.0,Z=0.0)"
Point,"((X=0.0,Y=0.0,Z=0.0),(X=1.049652,Y=2.00693,Z=1.15541),(X=1.049652,Y=2.00693,Z=1.15541),(X=2.552053,Y=3.708497,Z=2.167319),(X=3.908329,Y=6.504837,Z=3.12225),(X=3.908331,Y=6.504836,Z=3.122249),(X=3.480178,Y=9.729439,Z=4.037862),(X=3.480175,Y=9.729439,Z=4.037861),(X=2.46449,Y=10.717654,Z=4.486206),(X=1.870898,Y=11.455799,Z=4.739295),(X=1.860497,Y=10.018394,Z=4.220459),(X=2.86044,Y=11.107998,Z=4.637171),(X=0.230625,Y=3.956492,Z=3.758911),(X=3.26435,Y=2.474836,Z=1.603557),(X=2.80285,Y=3.595843,Z=1.915772),(X=2.355068,Y=9.599624,Z=0.731645),(X=2.355068,Y=9.599624,Z=0.731645),(X=2.355068,Y=9.599624,Z=0.731645),(X=2.027278,Y=13.238763,Z=1.748513),(X=2.027278,Y=13.238769,Z=1.748514),(X=1.782882,Y=15.537008,Z=2.500184),(X=1.782882,Y=15.537011,Z=2.500184),(X=1.601673,Y=16.663822,Z=2.697976),(X=1.401737,Y=17.725279,Z=2.780865),(X=1.548018,Y=16.920635,Z=3.321746),(X=1.498763,Y=17.135296,Z=2.155611),(X=0.172591,Y=9.564661,Z=0.254315),(X=0.172591,Y=9.564661,Z=0.254315),(X=0.172591,Y=9.564661,Z=0.254315),(X=-0.058496,Y=10.717055,Z=4.382977),(X=-0.058497,Y=10.717055,Z=4.382969),(X=0.578306,Y=8.062252,Z=4.752215),(X=0.578303,Y=8.062262,Z=4.752214),(X=0.904619,Y=7.294801,Z=3.861264),(X=1.221319,Y=6.400636,Z=2.999521),(X=1.013577,Y=7.423642,Z=3.049098),(X=1.049006,Y=6.496824,Z=3.944418),(X=-0.348074,Y=10.555796,Z=0.019326),(X=-1.746524,Y=8.869379,Z=0.652931),(X=-1.746524,Y=8.869379,Z=0.652931),(X=-1.746524,Y=8.869379,Z=0.652931),(X=-1.431853,Y=8.955771,Z=4.538864),(X=-1.431852,Y=8.95577,Z=4.538869),(X=-0.497835,Y=6.469185,Z=4.615925),(X=-0.497841,Y=6.469192,Z=4.615924),(X=-0.19635,Y=5.763737,Z=3.701074),(X=0.138188,Y=4.90758,Z=2.854957),(X=-0.235359,Y=5.796929,Z=2.855312),(X=0.129848,Y=5.064477,Z=3.799508),(X=-3.505406,Y=7.789585,Z=1.369118),(X=-3.505406,Y=7.789585,Z=1.369118),(X=2.42547,Y=10.016154,Z=2.38383),(X=0.061962,Y=9.87255,Z=2.064966),(X=-1.88233,Y=9.011188,Z=2.344162),(X=-3.802669,Y=7.670982,Z=2.712936),(X=2.192823,Y=9.611815,Z=-0.521866),(X=-2.063757,Y=8.772871,Z=-0.342694),(X=-3.734504,Y=7.580273,Z=0.413205),(X=0.424187,Y=8.176033,Z=2.053984),(X=2.514459,Y=3.112573,Z=-0.263203),(X=0.085723,Y=3.22587,Z=-1.390163),(X=-0.987424,Y=3.179338,Z=-1.272007),(X=-1.531331,Y=3.088745,Z=-1.056948),(X=1.211487,Y=2.388174,Z=3.349584),(X=1.211487,Y=2.388174,Z=3.349584),(X=-1.040151,Y=2.506731,Z=2.954595),(X=-1.861507,Y=2.455912,Z=2.867835),(X=-2.299857,Y=3.407356,Z=0.941983),(X=-3.505407,Y=7.789585,Z=1.369119),(X=-2.604277,Y=7.615387,Z=4.300851),(X=-2.60428,Y=7.615387,Z=4.300851),(X=-1.883559,Y=5.71664,Z=4.329962),(X=-1.883558,Y=5.716631,Z=4.329962),(X=-1.62088,Y=4.951783,Z=3.455791),(X=-1.331468,Y=4.241887,Z=2.799736),(X=-1.791838,Y=4.901515,Z=2.740094),(X=-1.282952,Y=4.399986,Z=3.579609))","false","(Pitch=0.0,Yaw=0.0,Roll=0.0)","(X=0.0,Y=0.0,Z=0.0)"
Circle_01,"((X=0.0,Y=0.0,Z=0.0),(X=1.049652,Y=2.00693,Z=1.15541),(X=1.049652,Y=2.00693,Z=1.15541),(X=3.066412,Y=3.410528,Z=1.528356),(X=5.056955,Y=5.979506,Z=1.623119),(X=5.056957,Y=5.979506,Z=1.623118),(X=6.474782,Y=9.046939,Z=1.641935),(X=6.474779,Y=9.04694,Z=1.641935),(X=7.329103,Y=10.259845,Z=1.732448),(X=7.948276,Y=11.018879,Z=1.690563),(X=6.514737,Y=10.646325,Z=2.066863),(X=7.795969,Y=9.988233,Z=1.531952),(X=1.545954,Y=4.141001,Z=3.79514),(X=3.342398,Y=2.043746,Z=0.893649),(X=2.80285,Y=3.595843,Z=1.915772),(X=2.355068,Y=9.599624,Z=0.731645),(X=2.355068,Y=9.599624,Z=0.731645),(X=2.355068,Y=9.599624,Z=0.731645),(X=2.008096,Y=13.35229,Z=1.15815),(X=2.008096,Y=13.352296,Z=1.158151),(X=1.750668,Y=15.738048,Z=1.54359),(X=1.750668,Y=15.73805,Z=1.54359),(X=1.565585,Y=16.878189,Z=1.630111),(X=1.361995,Y=17.941971,Z=1.608691),(X=1.511068,Y=17.194691,Z=2.225741),(X=1.46103,Y=17.293907,Z=1.044205),(X=0.172591,Y=9.564661,Z=0.254315),(X=0.172591,Y=9.564661,Z=0.254315),(X=0.172591,Y=9.564661,Z=0.254315),(X=-0.115137,Y=13.806548,Z=0.846659),(X=-0.115138,Y=13.80654,Z=0.846655),(X=-0.314197,Y=16.493816,Z=1.420038),(X=-0.314197,Y=16.493807,Z=1.420035),(X=-0.421326,Y=17.703588,Z=1.539281),(X=-0.577306,Y=18.97554,Z=1.554852),(X=-0.401913,Y=18.184494,Z=2.214883),(X=-0.555473,Y=18.235106,Z=0.935937),(X=-0.160184,Y=9.761347,Z=-0.822362),(X=-1.746524,Y=8.869379,Z=0.652931),(X=-1.746524,Y=8.869379,Z=0.652931),(X=-1.746524,Y=8.869379,Z=0.652931),(X=-1.892769,Y=12.710452,Z=1.309991),(X=-1.89277,Y=12.710457,Z=1.309993),(X=-2.001036,Y=15.320296,Z=1.798301),(X=-2.001038,Y=15.320289,Z=1.798302),(X=-1.980789,Y=16.495901,Z=2.005765),(X=-2.015281,Y=17.743086,Z=2.070372),(X=-1.895044,Y=17.00396,Z=2.678416),(X=-2.059395,Y=17.023779,Z=1.439883),(X=-3.505406,Y=7.789585,Z=1.369118),(X=-3.505406,Y=7.789585,Z=1.369118),(X=2.42547,Y=10.016154,Z=2.38383),(X=0.061962,Y=9.87255,Z=2.064966),(X=-1.88233,Y=9.011188,Z=2.344162),(X=-3.802669,Y=7.670982,Z=2.712936),(X=2.192823,Y=9.611815,Z=-0.521866),(X=-2.063757,Y=8.772871,Z=-0.342694),(X=-3.734504,Y=7.580273,Z=0.413205),(X=0.424187,Y=8.176033,Z=2.053984),(X=2.514459,Y=3.112573,Z=-0.263203),(X=0.085723,Y=3.22587,Z=-1.390163),(X=-0.987424,Y=3.179338,Z=-1.272007),(X=-1.531331,Y=3.088745,Z=-1.056948),(X=1.211487,Y=2.388174,Z=3.349584),(X=1.211487,Y=2.388174,Z=3.349584),(X=-1.040151,Y=2.506731,Z=2.954595),(X=-1.861507,Y=2.455912,Z=2.867835),(X=-2.299857,Y=3.407356,Z=0.941983),(X=-3.505407,Y=7.789585,Z=1.369119),(X=-3.31533,Y=10.821381,Z=1.826853),(X=-3.315332,Y=10.82138,Z=1.826853),(X=-3.342234,Y=12.814837,Z=2.215353),(X=-3.342236,Y=12.814845,Z=2.215356),(X=-3.265213,Y=13.995297,Z=2.352356),(X=-3.215875,Y=15.003085,Z=2.345378),(X=-3.162505,Y=14.446468,Z=2.926701),(X=-3.37149,Y=14.402121,Z=1.845202))","true","(Pitch=16.554043,Yaw=-64.545715,Roll=2.121536)","(X=26.786959,Y=-4.412915,Z=-36.227798)"
Circle_02,"((X=0.0,Y=0.0,Z=0.0),(X=1.049652,Y=2.00693,Z=1.15541),(X=1.049652,Y=2.00693,Z=1.15541),(X=3.199561,Y=3.252311,Z=1.213854),(X=5.274868,Y=5.716298,Z=0.774808),(X=5.274869,Y=5.716297,Z=0.774806),(X=6.392127,Y=8.905004,Z=0.714679),(X=6.392124,Y=8.905004,Z=0.714679),(X=7.379587,Y=10.004713,Z=0.557341),(X=8.061381,Y=10.677135,Z=0.346941),(X=6.692068,Y=10.507072,Z=1.003822),(X=7.766421,Y=9.666668,Z=0.296533),(X=2.165423,Y=4.18206,Z=3.673491),(X=3.294986,Y=1.840734,Z=0.626096),(X=2.80285,Y=3.595843,Z=1.915772),(X=2.355068,Y=9.599624,Z=0.731645),(X=2.355068,Y=9.599624,Z=0.731645),(X=2.355068,Y=9.599624,Z=0.731645),(X=1.745972,Y=13.315948,Z=1.181914),(X=1.745972,Y=13.315953,Z=1.181915),(X=1.321364,Y=15.68253,Z=1.536407),(X=1.321363,Y=15.682532,Z=1.536406),(X=1.057301,Y=16.807474,Z=1.616645),(X=0.78054,Y=17.854465,Z=1.589241),(X=0.978381,Y=17.122147,Z=2.210507),(X=0.926725,Y=17.212261,Z=1.028311),(X=0.172591,Y=9.564661,Z=0.254315),(X=0.172591,Y=9.564661,Z=0.254315),(X=0.172591,Y=9.564661,Z=0.254315),(X=-0.23107,Y=13.792252,Z=0.880253),(X=-0.23107,Y=13.792244,Z=0.880249),(X=-0.510623,Y=16.492664,Z=1.348679),(X=-0.510624,Y=16.492655,Z=1.348676),(X=-0.653663,Y=17.702694,Z=1.41662),(X=-0.846671,Y=18.969065,Z=1.378122),(X=-0.652599,Y=18.211706,Z=2.071592),(X=-0.799324,Y=18.204433,Z=0.790864),(X=-0.164897,Y=9.760789,Z=-0.820996),(X=-1.746524,Y=8.869379,Z=0.652931),(X=-1.746524,Y=8.869379,Z=0.652931),(X=-1.746524,Y=8.869379,Z=0.652931),(X=-1.994191,Y=12.726325,Z=1.172153),(X=-1.994192,Y=12.72633,Z=1.172155),(X=-2.173207,Y=15.349464,Z=1.55757),(X=-2.173209,Y=15.349457,Z=1.557571),(X=-2.189509,Y=16.535425,Z=1.694407),(X=-2.261737,Y=17.782627,Z=1.684103),(X=-2.123394,Y=17.085081,Z=2.335847),(X=-2.280192,Y=17.025976,Z=1.097586),(X=-3.505406,Y=7.789585,Z=1.369118),(X=-3.505406,Y=7.789585,Z=1.369118),(X=2.42547,Y=10.016154,Z=2.38383),(X=0.061962,Y=9.87255,Z=2.064966),(X=-1.88233,Y=9.011188,Z=2.344162),(X=-3.802669,Y=7.670982,Z=2.712936),(X=2.192823,Y=9.611815,Z=-0.521866),(X=-2.063757,Y=8.772871,Z=-0.342694),(X=-3.734504,Y=7.580273,Z=0.413205),(X=0.424187,Y=8.176033,Z=2.053984),(X=2.514459,Y=3.112573,Z=-0.263203),(X=0.085723,Y=3.22587,Z=-1.390163),(X=-0.987424,Y=3.179338,Z=-1.272007),(X=-1.531331,Y=3.088745,Z=-1.056948),(X=1.211487,Y=2.388174,Z=3.349584),(X=1.211487,Y=2.388174,Z=3.349584),(X=-1.040151,Y=2.506731,Z=2.954595),(X=-1.861507,Y=2.455912,Z=2.867835),(X=-2.299857,Y=3.407356,Z=0.941983),(X=-3.505407,Y=7.789585,Z=1.369119),(X=-3.36109,Y=10.833644,Z=1.756817),(X=-3.361092,Y=10.833644,Z=1.756817),(X=-3.448232,Y=12.847011,Z=2.010366),(X=-3.448235,Y=12.847018,Z=2.010369),(X=-3.406204,Y=14.03574,Z=2.068207),(X=-3.385773,Y=15.041807,Z=1.993832),(X=-3.320943,Y=14.52717,Z=2.611532),(X=-3.520191,Y=14.404407,Z=1.534262))","true","(Pitch=15.102564,Yaw=-106.938286,Roll=-0.399038)","(X=25.013973,Y=-24.306757,Z=-32.901371)"
Circle_03,"((X=0.0,Y=0.0,Z=0.0),(X=1.049652,Y=2.00693,Z=1.15541),(X=1.049652,Y=2.00693,Z=1.15541),(X=2.982563,Y=3.480957,Z=1.672705),(X=4.859922,Y=6.125948,Z=1.897291),(X=4.859924,Y=6.125947,Z=1.89729),(X=6.028412,Y=9.291523,Z=2.080305),(X=6.028409,Y=9.291524,Z=2.080305),(X=6.590039,Y=10.645081,Z=2.328613),(X=7.033231,Y=11.517066,Z=2.395576),(X=5.683255,Y=10.827928,Z=2.590723),(X=7.121465,Y=10.492101,Z=2.166997),(X=1.29195,Y=4.143545,Z=3.837537),(X=3.352508,Y=2.128197,Z=1.056023),(X=2.80285,Y=3.595843,Z=1.915772),(X=2.355068,Y=9.599624,Z=0.731645),(X=2.355068,Y=9.599624,Z=0.731645),(X=2.355068,Y=9.599624,Z=0.731645),(X=1.935483,Y=13.346555,Z=1.143051),(X=1.935482,Y=13.34656,Z=1.143052),(X=1.631744,Y=15.738317,Z=1.449467),(X=1.631744,Y=15.738318,Z=1.449466),(X=1.424466,Y=16.877851,Z=1.462302),(X=1.201165,Y=17.934038,Z=1.372077),(X=1.358252,Y=17.230089,Z=2.036292),(X=1.317809,Y=17.253777,Z=0.850468),(X=0.172591,Y=9.564661,Z=0.254315),(X=0.172591,Y=9.564661,Z=0.254315),(X=0.172591,Y=9.564661,Z=0.254315),(X=-0.10752,Y=13.805974,Z=0.854371),(X=-0.107521,Y=13.805966,Z=0.854367),(X=-0.307794,Y=16.515224,Z=1.312244),(X=-0.307795,Y=16.515215,Z=1.312241),(X=-0.419482,Y=17.730145,Z=1.339511),(X=-0.579159,Y=18.999134,Z=1.258271),(X=-0.408139,Y=18.260338,Z=1.97736),(X=-0.549098,Y=18.214531,Z=0.696783),(X=-0.16004,Y=9.763878,Z=-0.821941),(X=-1.746524,Y=8.869379,Z=0.652931),(X=-1.746524,Y=8.869379,Z=0.652931),(X=-1.746524,Y=8.869379,Z=0.652931),(X=-1.90683,Y=12.746206,Z=1.042126),(X=-1.906831,Y=12.746211,Z=1.042127),(X=-2.026419,Y=15.384181,Z=1.339181),(X=-2.026421,Y=15.384173,Z=1.339182),(X=-2.017828,Y=16.574957,Z=1.425639),(X=-2.063697,Y=17.821844,Z=1.362386),(X=-1.940812,Y=17.149788,Z=2.043356),(X=-2.097492,Y=17.041573,Z=0.808403),(X=-3.505406,Y=7.789585,Z=1.369118),(X=-3.505406,Y=7.789585,Z=1.369118),(X=2.42547,Y=10.016154,Z=2.38383),(X=0.061962,Y=9.87255,Z=2.064966),(X=-1.88233,Y=9.011188,Z=2.344162),(X=-3.802669,Y=7.670982,Z=2.712936),(X=2.192823,Y=9.611815,Z=-0.521866),(X=-2.063757,Y=8.772871,Z=-0.342694),(X=-3.734504,Y=7.580273,Z=0.413205),(X=0.424187,Y=8.176033,Z=2.053984),(X=2.514459,Y=3.112573,Z=-0.263203),(X=0.085723,Y=3.22587,Z=-1.390163),(X=-0.987424,Y=3.179338,Z=-1.272007),(X=-1.531331,Y=3.088745,Z=-1.056948),(X=1.211487,Y=2.388174,Z=3.349584),(X=1.211487,Y=2.388174,Z=3.349584),(X=-1.040151,Y=2.506731,Z=2.954595),(X=-1.861507,Y=2.455912,Z=2.867835),(X=-2.299857,Y=3.407356,Z=0.941983),(X=-3.505407,Y=7.789585,Z=1.369119),(X=-3.507818,Y=10.851637,Z=1.121602),(X=-3.507821,Y=10.851637,Z=1.121602),(X=-3.660223,Y=12.875786,Z=1.050056),(X=-3.660225,Y=12.875794,Z=1.050057),(X=-3.649813,Y=14.061239,Z=0.937005),(X=-3.655849,Y=15.046474,Z=0.719293),(X=-3.578862,Y=14.627494,Z=1.404228),(X=-3.77227,Y=14.346494,Z=0.355938))","true","(Pitch=41.553043,Yaw=169.517059,Roll=-89.453545)","(X=27.708164,Y=-24.252591,Z=-18.296611)"
Circle_04,"((X=0.0,Y=0.0,Z=0.0),(X=1.049652,Y=2.00693,Z=1.15541),(X=1.049652,Y=2.00693,Z=1.15541),(X=3.222306,Y=3.213489,Z=1.138442),(X=5.332248,Y=5.635233,Z=0.634268),(X=5.332249,Y=5.635232,Z=0.634267),(X=6.29884,Y=8.871806,Z=0.734375),(X=6.298838,Y=8.871806,Z=0.734376),(X=6.852459,Y=10.240986,Z=0.901855),(X=7.267001,Y=11.129478,Z=0.900756),(X=6.023627,Y=10.37516,Z=1.370286),(X=7.338047,Y=10.11684,Z=0.617727),(X=2.281641,Y=4.164998,Z=3.627111),(X=3.271724,Y=1.799986,Z=0.549645),(X=2.80285,Y=3.595843,Z=1.915772),(X=2.355068,Y=9.599624,Z=0.731645),(X=2.355068,Y=9.599624,Z=0.731645),(X=2.355068,Y=9.599624,Z=0.731645),(X=2.272477,Y=13.221961,Z=1.852651),(X=2.272477,Y=13.221966,Z=1.852653),(X=2.179611,Y=15.285423,Z=3.133343),(X=2.179611,Y=15.285425,Z=3.133343),(X=2.07625,Y=16.246176,Z=3.772042),(X=1.947398,Y=17.194117,Z=4.280316),(X=2.053334,Y=16.233917,Z=4.448241),(X=1.991969,Y=16.899982,Z=3.467951),(X=0.172591,Y=9.564661,Z=0.254315),(X=0.172591,Y=9.564661,Z=0.254315),(X=0.172591,Y=9.564661,Z=0.254315),(X=0.02859,Y=13.625113,Z=1.639686),(X=0.028589,Y=13.625107,Z=1.639681),(X=-0.05062,Y=15.930711,Z=3.145589),(X=-0.050621,Y=15.930703,Z=3.145583),(X=-0.093728,Y=16.976294,Z=3.773399),(X=-0.185303,Y=18.12401,Z=4.336243),(X=-0.031928,Y=17.121334,Z=4.587787),(X=-0.217389,Y=17.718884,Z=3.460675),(X=-0.161782,Y=9.971308,Z=-0.761309),(X=-1.746524,Y=8.869379,Z=0.652931),(X=-1.746524,Y=8.869379,Z=0.652931),(X=-1.746524,Y=8.869379,Z=0.652931),(X=-2.107114,Y=12.656847,Z=1.508513),(X=-2.107115,Y=12.656852,Z=1.508515),(X=-2.201842,Y=14.955185,Z=2.838973),(X=-2.201844,Y=14.955177,Z=2.838971),(X=-2.141367,Y=15.914188,Z=3.5476),(X=-2.140683,Y=17.001123,Z=4.16356),(X=-2.009912,Y=16.068062,Z=4.370388),(X=-2.233928,Y=16.639378,Z=3.281909),(X=-3.505406,Y=7.789585,Z=1.369118),(X=-3.505406,Y=7.789585,Z=1.369118),(X=2.42547,Y=10.016154,Z=2.38383),(X=0.061962,Y=9.87255,Z=2.064966),(X=-1.88233,Y=9.011188,Z=2.344162),(X=-3.802669,Y=7.670982,Z=2.712936),(X=2.192823,Y=9.611815,Z=-0.521866),(X=-2.063757,Y=8.772871,Z=-0.342694),(X=-3.734504,Y=7.580273,Z=0.413205),(X=0.424187,Y=8.176033,Z=2.053984),(X=2.514459,Y=3.112573,Z=-0.263203),(X=0.085723,Y=3.22587,Z=-1.390163),(X=-0.987424,Y=3.179338,Z=-1.272007),(X=-1.531331,Y=3.088745,Z=-1.056948),(X=1.211487,Y=2.388174,Z=3.349584),(X=1.211487,Y=2.388174,Z=3.349584),(X=-1.040151,Y=2.506731,Z=2.954595),(X=-1.861507,Y=2.455912,Z=2.867835),(X=-2.299857,Y=3.407356,Z=0.941983),(X=-3.505407,Y=7.789585,Z=1.369119),(X=-4.092506,Y=10.788079,Z=1.688152),(X=-4.092508,Y=10.788078,Z=1.688152),(X=-4.369733,Y=12.576004,Z=2.611187),(X=-4.369736,Y=12.576011,Z=2.611192),(X=-4.376799,Y=13.604826,Z=3.210906),(X=-4.410558,Y=14.530676,Z=3.610635),(X=-4.258629,Y=13.798375,Z=3.912726),(X=-4.562191,Y=14.165299,Z=2.918494))","true","(Pitch=-2.837822,Yaw=144.312119,Roll=-159.916901)","(X=25.507644,Y=-9.383644,Z=-22.193027)"
Circle_05,"((X=0.0,Y=0.0,Z=0.0),(X=1.049652,Y=2.00693,Z=1.15541),(X=1.049652,Y=2.00693,Z=1.15541),(X=2.84796,Y=3.57045,Z=1.861093),(X=4.424555,Y=6.40827,Z=1.68215),(X=4.424557,Y=6.408269,Z=1.682149),(X=5.619431,Y=9.533069,Z=1.205038),(X=5.619428,Y=9.533069,Z=1.205038),(X=6.261566,Y=10.872173,Z=1.144543),(X=6.751507,Y=11.710906,Z=1.011325),(X=5.380331,Y=11.159407,Z=1.40011),(X=6.775263,Y=10.657435,Z=0.996426),(X=1.114427,Y=4.336159,Z=3.956862),(X=3.359015,Y=2.194031,Z=1.423592),(X=2.80285,Y=3.595843,Z=1.915772),(X=2.355068,Y=9.599624,Z=0.731645),(X=2.355068,Y=9.599624,Z=0.731645),(X=2.355068,Y=9.599624,Z=0.731645),(X=1.716043,Y=13.178706,Z=1.811745),(X=1.716043,Y=13.178712,Z=1.811747),(X=1.274609,Y=15.43803,Z=2.591017),(X=1.274609,Y=15.438032,Z=2.591016),(X=1.000429,Y=16.527002,Z=2.874974),(X=0.711857,Y=17.558119,Z=3.039471),(X=0.932139,Y=16.730421,Z=3.51675),(X=0.851686,Y=17.027538,Z=2.370615),(X=0.172591,Y=9.564661,Z=0.254315),(X=0.172591,Y=9.564661,Z=0.254315),(X=0.172591,Y=9.564661,Z=0.254315),(X=-0.380072,Y=13.701854,Z=1.257044),(X=-0.380073,Y=13.701846,Z=1.257039),(X=-0.75817,Y=16.352379,Z=1.906314),(X=-0.75817,Y=16.352371,Z=1.906311),(X=-0.952206,Y=17.553112,Z=2.005503),(X=-1.198087,Y=18.810863,Z=1.999518),(X=-0.97528,Y=18.044071,Z=2.673717),(X=-1.116189,Y=18.064823,Z=1.392484),(X=-0.182429,Y=9.842701,Z=-0.797023),(X=-1.746524,Y=8.869379,Z=0.652931),(X=-1.746524,Y=8.869379,Z=0.652931),(X=-1.746524,Y=8.869379,Z=0.652931),(X=-2.305136,Y=12.713356,Z=0.997541),(X=-2.305137,Y=12.713361,Z=0.997543),(X=-2.667786,Y=15.312669,Z=1.414087),(X=-2.667788,Y=15.312661,Z=1.414087),(X=-2.760619,Y=16.488689,Z=1.59808),(X=-2.914035,Y=17.727936,Z=1.637643),(X=-2.727044,Y=17.015688,Z=2.260713),(X=-2.886268,Y=16.995487,Z=1.021517),(X=-3.505406,Y=7.789585,Z=1.369118),(X=-3.505406,Y=7.789585,Z=1.369118),(X=2.42547,Y=10.016154,Z=2.38383),(X=0.061962,Y=9.87255,Z=2.064966),(X=-1.88233,Y=9.011188,Z=2.344162),(X=-3.802669,Y=7.670982,Z=2.712936),(X=2.192823,Y=9.611815,Z=-0.521866),(X=-2.063757,Y=8.772871,Z=-0.342694),(X=-3.734504,Y=7.580273,Z=0.413205),(X=0.424187,Y=8.176033,Z=2.053984),(X=2.514459,Y=3.112573,Z=-0.263203),(X=0.085723,Y=3.22587,Z=-1.390163),(X=-0.987424,Y=3.179338,Z=-1.272007),(X=-1.531331,Y=3.088745,Z=-1.056948),(X=1.211487,Y=2.388174,Z=3.349584),(X=1.211487,Y=2.388174,Z=3.349584),(X=-1.040151,Y=2.506731,Z=2.954595),(X=-1.861507,Y=2.455912,Z=2.867835),(X=-2.299857,Y=3.407356,Z=0.941983),(X=-3.505407,Y=7.789585,Z=1.369119),(X=-3.939665,Y=10.811281,Z=1.025308),(X=-3.939667,Y=10.81128,Z=1.025308),(X=-4.162764,Y=12.772568,Z=1.503956),(X=-4.162767,Y=12.772575,Z=1.503959),(X=-4.140919,Y=13.910403,Z=1.854731),(X=-4.143475,Y=14.903561,Z=2.032921),(X=-4.03914,Y=14.253878,Z=2.499434),(X=-4.287508,Y=14.396454,Z=1.434884))","true","(Pitch=-15.6205,Yaw=87.054939,Roll=-169.370514)","(X=24.360128,Y=-29.529434,Z=-22.18715)"
Circle_06,"((X=0.0,Y=0.0,Z=0.0),(X=1.049652,Y=2.00693,Z=1.15541),(X=1.049652,Y=2.00693,Z=1.15541),(X=2.983506,Y=3.480241,Z=1.67122),(X=4.796015,Y=6.179406,Z=1.656681),(X=4.796017,Y=6.179405,Z=1.65668),(X=5.893322,Y=9.375094,Z=1.599939),(X=5.89332,Y=9.375094,Z=1.599939),(X=6.712823,Y=10.614808,Z=1.626877),(X=7.311533,Y=11.387037,Z=1.546428),(X=5.883629,Y=10.997749,Z=1.927188),(X=7.18968,Y=10.344806,Z=1.448996),(X=1.377443,Y=4.224125,Z=3.873693),(X=3.361447,Y=2.103841,Z=1.114624),(X=2.80285,Y=3.595843,Z=1.915772),(X=2.355068,Y=9.599624,Z=0.731645),(X=2.355068,Y=9.599624,Z=0.731645),(X=2.355068,Y=9.599624,Z=0.731645),(X=2.036585,Y=13.341757,Z=1.260618),(X=2.036585,Y=13.341763,Z=1.260619),(X=1.797557,Y=15.707126,Z=1.765161),(X=1.797557,Y=15.707129,Z=1.765161),(X=1.620254,Y=16.845882,Z=1.881205),(X=1.423856,Y=17.911211,Z=1.887391),(X=1.568271,Y=17.147276,Z=2.484844),(X=1.518132,Y=17.277267,Z=1.306301),(X=0.172591,Y=9.564661,Z=0.254315),(X=0.172591,Y=9.564661,Z=0.254315),(X=0.172591,Y=9.564661,Z=0.254315),(X=-0.139265,Y=13.798139,Z=0.892812),(X=-0.139266,Y=13.798131,Z=0.892808),(X=-0.352939,Y=16.475492,Z=1.505934),(X=-0.352939,Y=16.475483,Z=1.505931),(X=-0.473936,Y=17.687502,Z=1.581027),(X=-0.64344,Y=18.957434,Z=1.549853),(X=-0.466055,Y=18.19228,Z=2.239222),(X=-0.607889,Y=18.195768,Z=0.957928),(X=-0.161848,Y=9.771102,Z=-0.820017),(X=-1.746524,Y=8.869379,Z=0.652931),(X=-1.746524,Y=8.869379,Z=0.652931),(X=-1.746524,Y=8.869379,Z=0.652931),(X=-2.11916,Y=12.731171,Z=1.046213),(X=-2.119161,Y=12.731175,Z=1.046215),(X=-2.332164,Y=15.318138,Z=1.615144),(X=-2.332166,Y=15.31813,Z=1.615143),(X=-2.358804,Y=16.486259,Z=1.860657),(X=-2.443803,Y=17.728245,Z=1.965932),(X=-2.290342,Y=16.975384,Z=2.549139),(X=-2.461833,Y=17.028503,Z=1.312556),(X=-3.505406,Y=7.789585,Z=1.369118),(X=-3.505406,Y=7.789585,Z=1.369118),(X=2.42547,Y=10.016154,Z=2.38383),(X=0.061962,Y=9.87255,Z=2.064966),(X=-1.88233,Y=9.011188,Z=2.344162),(X=-3.802669,Y=7.670982,Z=2.712936),(X=2.192823,Y=9.611815,Z=-0.521866),(X=-2.063757,Y=8.772871,Z=-0.342694),(X=-3.734504,Y=7.580273,Z=0.413205),(X=0.424187,Y=8.176033,Z=2.053984),(X=2.514459,Y=3.112573,Z=-0.263203),(X=0.085723,Y=3.22587,Z=-1.390163),(X=-0.987424,Y=3.179338,Z=-1.272007),(X=-1.531331,Y=3.088745,Z=-1.056948),(X=1.211487,Y=2.388174,Z=3.349584),(X=1.211487,Y=2.388174,Z=3.349584),(X=-1.040151,Y=2.506731,Z=2.954595),(X=-1.861507,Y=2.455912,Z=2.867835),(X=-2.299857,Y=3.407356,Z=0.941983),(X=-3.505407,Y=7.789585,Z=1.369119),(X=-3.921368,Y=10.832532,Z=1.299251),(X=-3.92137,Y=10.832532,Z=1.299251),(X=-4.274943,Y=12.81633,Z=1.554313),(X=-4.274946,Y=12.816338,Z=1.554315),(X=-4.376878,Y=13.998571,Z=1.654822),(X=-4.479349,Y=15.001651,Z=1.616719),(X=-4.346701,Y=14.477283,Z=2.215091),(X=-4.539814,Y=14.36922,Z=1.135132))","true","(Pitch=79.018814,Yaw=-172.401581,Roll=-84.894745)","(X=21.018483,Y=-11.776917,Z=-36.144507)"
Circle_07,"((X=0.0,Y=0.0,Z=0.0),(X=1.049652,Y=2.00693,Z=1.15541),(X=1.049652,Y=2.00693,Z=1.15541),(X=3.012135,Y=3.45774,Z=1.624779),(X=4.943983,Y=6.061861,Z=1.864389),(X=4.943985,Y=6.06186,Z=1.864388),(X=6.13446,Y=9.215633,Z=2.10147),(X=6.134458,Y=9.215634,Z=2.10147),(X=6.857772,Y=10.496697,Z=2.313352),(X=7.401679,Y=11.311395,Z=2.354531),(X=5.987029,Y=10.787543,Z=2.599024),(X=7.362474,Y=10.280653,Z=2.138608),(X=1.356942,Y=4.124962,Z=3.815405),(X=3.348827,Y=2.1062,Z=0.986742),(X=2.80285,Y=3.595843,Z=1.915772),(X=2.355068,Y=9.599624,Z=0.731645),(X=2.355068,Y=9.599624,Z=0.731645),(X=2.355068,Y=9.599624,Z=0.731645),(X=2.058849,Y=13.197832,Z=1.893521),(X=2.058849,Y=13.197837,Z=1.893523),(X=1.838226,Y=15.339702,Z=3.020636),(X=1.838225,Y=15.339705,Z=3.020636),(X=1.671183,Y=16.372238,Z=3.518261),(X=1.481825,Y=17.372637,Z=3.888239),(X=1.636304,Y=16.452362,Z=4.189293),(X=1.557421,Y=16.971933,Z=3.125245),(X=0.172591,Y=9.564661,Z=0.254315),(X=0.172591,Y=9.564661,Z=0.254315),(X=0.172591,Y=9.564661,Z=0.254315),(X=-0.208748,Y=13.696396,Z=1.354593),(X=-0.208749,Y=13.696389,Z=1.354588),(X=-0.434211,Y=16.122801,Z=2.639709),(X=-0.434211,Y=16.122791,Z=2.639704),(X=-0.544019,Y=17.220327,Z=3.161844),(X=-0.707142,Y=18.410236,Z=3.608986),(X=-0.500773,Y=17.447231,Z=3.958542),(X=-0.705315,Y=17.920658,Z=2.777071),(X=-0.175013,Y=9.881059,Z=-0.788624),(X=-1.746524,Y=8.869379,Z=0.652931),(X=-1.746524,Y=8.869379,Z=0.652931),(X=-1.746524,Y=8.869379,Z=0.652931),(X=-2.066311,Y=12.652641,Z=1.542662),(X=-2.066312,Y=12.652646,Z=1.542664),(X=-2.225184,Y=15.122319,Z=2.510601),(X=-2.225186,Y=15.122312,Z=2.5106),(X=-2.213935,Y=16.214371,Z=2.993087),(X=-2.261973,Y=17.409088,Z=3.355269),(X=-2.117022,Y=16.548298,Z=3.765769),(X=-2.3136,Y=16.860748,Z=2.571993),(X=-3.505406,Y=7.789585,Z=1.369118),(X=-3.505406,Y=7.789585,Z=1.369118),(X=2.42547,Y=10.016154,Z=2.38383),(X=0.061962,Y=9.87255,Z=2.064966),(X=-1.88233,Y=9.011188,Z=2.344162),(X=-3.802669,Y=7.670982,Z=2.712936),(X=2.192823,Y=9.611815,Z=-0.521866),(X=-2.063757,Y=8.772871,Z=-0.342694),(X=-3.734504,Y=7.580273,Z=0.413205),(X=0.424187,Y=8.176033,Z=2.053984),(X=2.514459,Y=3.112573,Z=-0.263203),(X=0.085723,Y=3.22587,Z=-1.390163),(X=-0.987424,Y=3.179338,Z=-1.272007),(X=-1.531331,Y=3.088745,Z=-1.056948),(X=1.211487,Y=2.388174,Z=3.349584),(X=1.211487,Y=2.388174,Z=3.349584),(X=-1.040151,Y=2.506731,Z=2.954595),(X=-1.861507,Y=2.455912,Z=2.867835),(X=-2.299857,Y=3.407356,Z=0.941983),(X=-3.505407,Y=7.789585,Z=1.369119),(X=-3.503401,Y=10.764665,Z=2.13484),(X=-3.503403,Y=10.764665,Z=2.13484),(X=-3.54671,Y=12.601655,Z=3.000355),(X=-3.546712,Y=12.601663,Z=3.00036),(X=-3.455467,Y=13.684982,Z=3.486427),(X=-3.397726,Y=14.647432,Z=3.783875),(X=-3.331577,Y=13.940733,Z=4.167029),(X=-3.573538,Y=14.226393,Z=3.130142))","true","(Pitch=17.017942,Yaw=-65.342941,Roll=11.522273)","(X=20.608667,Y=-5.419762,Z=-36.346781)"
LeftBrushKnee_01,"((X=0.0,Y=0.0,Z=0.0),(X=1.049652,Y=2.00693,Z=1.15541),(X=1.049652,Y=2.00693,Z=1.15541),(X=2.805408,Y=3.594454,Z=1.912765),(X=4.499652,Y=6.256118,Z=2.697604),(X=4.499654,Y=6.256117,Z=2.697604),(X=5.320212,Y=9.454165,Z=3.417958),(X=5.32021,Y=9.454165,Z=3.417958),(X=5.857046,Y=10.76308,Z=3.87375),(X=6.298709,Y=11.611399,Z=4.08951),(X=4.922656,Y=10.953096,Z=3.99705),(X=6.405148,Y=10.606752,Z=3.789604),(X=0.734036,Y=4.008244,Z=3.789436),(X=3.335258,Y=2.315035,Z=1.257435),(X=2.80285,Y=3.595843,Z=1.915772),(X=2.355068,Y=9.599624,Z=0.731645),(X=2.355068,Y=9.599624,Z=0.731645),(X=2.355068,Y=9.599624,Z=0.731645),(X=1.750743,Y=13.253539,Z=1.54926),(X=1.750743,Y=13.253545,Z=1.549262),(X=1.369387,Y=15.231972,Z=2.90832),(X=1.369387,Y=15.231974,Z=2.90832),(X=1.130367,Y=16.153641,Z=3.567912),(X=0.867937,Y=17.061937,Z=4.096744),(X=1.109427,Y=16.123045,Z=4.243593),(X=0.953909,Y=16.795479,Z=3.27818),(X=0.172591,Y=9.564661,Z=0.254315),(X=0.172591,Y=9.564661,Z=0.254315),(X=0.172591,Y=9.564661,Z=0.254315),(X=-0.340604,Y=13.730838,Z=1.152572),(X=-0.340604,Y=13.73083,Z=1.152568),(X=-0.635459,Y=16.146626,Z=2.443627),(X=-0.635459,Y=16.146618,Z=2.443622),(X=-0.784065,Y=17.256842,Z=2.927965),(X=-0.988076,Y=18.455214,Z=3.333819),(X=-0.755541,Y=17.511154,Z=3.717012),(X=-0.96312,Y=17.938736,Z=2.51871),(X=-0.176945,Y=9.82007,Z=-0.804575),(X=-1.746524,Y=8.869379,Z=0.652931),(X=-1.746524,Y=8.869379,Z=0.652931),(X=-1.746524,Y=8.869379,Z=0.652931),(X=-2.238266,Y=12.645272,Z=1.494227),(X=-2.238267,Y=12.645277,Z=1.494229),(X=-2.460431,Y=15.032355,Z=2.640495),(X=-2.460433,Y=15.032348,Z=2.640493),(X=-2.480511,Y=16.093958,Z=3.186473),(X=-2.564372,Y=17.263077,Z=3.618869),(X=-2.387255,Y=16.384993,Z=3.976751),(X=-2.605414,Y=16.760254,Z=2.80502),(X=-3.505406,Y=7.789585,Z=1.369118),(X=-3.505406,Y=7.789585,Z=1.369118),(X=2.42547,Y=10.016154,Z=2.38383),(X=0.061962,Y=9.87255,Z=2.064966),(X=-1.88233,Y=9.011188,Z=2.344162),(X=-3.802669,Y=7.670982,Z=2.712936),(X=2.192823,Y=9.611815,Z=-0.521866),(X=-2.063757,Y=8.772871,Z=-0.342694),(X=-3.734504,Y=7.580273,Z=0.413205),(X=0.424187,Y=8.176033,Z=2.053984),(X=2.514459,Y=3.112573,Z=-0.263203),(X=0.085723,Y=3.22587,Z=-1.390163),(X=-0.987424,Y=3.179338,Z=-1.272007),(X=-1.531331,Y=3.088745,Z=-1.056948),(X=1.211487,Y=2.388174,Z=3.349584),(X=1.211487,Y=2.388174,Z=3.349584),(X=-1.040151,Y=2.506731,Z=2.954595),(X=-1.861507,Y=2.455912,Z=2.867835),(X=-2.299857,Y=3.407356,Z=0.941983),(X=-3.505407,Y=7.789585,Z=1.369119),(X=-3.809424,Y=10.788373,Z=1.962646),(X=-3.809426,Y=10.788373,Z=1.962646),(X=-4.047188,Y=12.656243,Z=2.724259),(X=-4.047191,Y=12.656251,Z=2.724263),(X=-4.081888,Y=13.777461,Z=3.124079),(X=-4.132773,Y=14.760685,Z=3.34499),(X=-4.001506,Y=14.096871,Z=3.783997),(X=-4.247993,Y=14.273963,Z=2.724203))","true","(Pitch=77.296028,Yaw=-164.159058,Roll=-79.173843)","(X=28.718426,Y=-12.443346,Z=-30.671227)"
LeftBrushKnee_02,"((X=0.0,Y=0.0,Z=0.0),(X=1.049652,Y=2.00693,Z=1.15541),(X=1.049652,Y=2.00693,Z=1.15541),(X=3.192965,Y=3.26254,Z=1.233831),(X=5.542068,Y=5.49053,Z=1.531602),(X=5.542069,Y=5.490529,Z=1.5316),(X=6.978758,Y=8.489821,Z=2.13152),(X=6.978755,Y=8.489821,Z=2.13152),(X=7.876959,Y=9.633177,Z=2.440017),(X=8.527037,Y=10.360497,Z=2.538342),(X=7.067087,Y=9.998107,Z=2.807883),(X=8.339569,Y=9.375998,Z=2.212452),(X=1.818979,Y=3.975564,Z=3.59761),(X=3.257857,Y=1.940936,Z=0.461647),(X=2.80285,Y=3.595843,Z=1.915772),(X=2.355068,Y=9.599624,Z=0.731645),(X=2.355068,Y=9.599624,Z=0.731645),(X=2.355068,Y=9.599624,Z=0.731645),(X=3.095566,Y=13.287102,Z=0.242804),(X=3.095568,Y=13.287107,Z=0.242803),(X=3.542712,Y=15.675972,Z=0.237192),(X=3.542712,Y=15.675974,Z=0.237191),(X=3.6916,Y=16.820686,Z=0.141645),(X=3.795182,Y=17.882215,Z=-0.047992),(X=3.762012,Y=17.225477,Z=0.67933),(X=3.675719,Y=17.155687,Z=-0.502219),(X=0.172591,Y=9.564661,Z=0.254315),(X=0.172591,Y=9.564661,Z=0.254315),(X=0.172591,Y=9.564661,Z=0.254315),(X=0.247285,Y=13.853088,Z=0.430591),(X=0.247283,Y=13.853081,Z=0.430588),(X=0.29186,Y=16.533987,Z=1.063515),(X=0.291859,Y=16.533978,Z=1.063512),(X=0.295637,Y=17.743467,Z=1.22596),(X=0.255689,Y=19.022942,Z=1.287461),(X=0.363185,Y=18.19626,Z=1.917697),(X=0.206083,Y=18.306101,Z=0.642904),(X=-0.148674,Y=9.683284,Z=-0.837186),(X=-1.746524,Y=8.869379,Z=0.652931),(X=-1.746524,Y=8.869379,Z=0.652931),(X=-1.746524,Y=8.869379,Z=0.652931),(X=-2.167199,Y=12.741974,Z=0.471267),(X=-2.1672,Y=12.741979,Z=0.471268),(X=-2.34542,Y=15.33442,Z=1.027069),(X=-2.345423,Y=15.334413,Z=1.027069),(X=-2.334699,Y=16.479034,Z=1.366539),(X=-2.382381,Y=17.710224,Z=1.573261),(X=-2.241467,Y=16.908573,Z=2.090929),(X=-2.430698,Y=17.066612,Z=0.865946),(X=-3.505406,Y=7.789585,Z=1.369118),(X=-3.505406,Y=7.789585,Z=1.369118),(X=2.42547,Y=10.016154,Z=2.38383),(X=0.061962,Y=9.87255,Z=2.064966),(X=-1.88233,Y=9.011188,Z=2.344162),(X=-3.802669,Y=7.670982,Z=2.712936),(X=2.192823,Y=9.611815,Z=-0.521866),(X=-2.063757,Y=8.772871,Z=-0.342694),(X=-3.734504,Y=7.580273,Z=0.413205),(X=0.424187,Y=8.176033,Z=2.053984),(X=2.514459,Y=3.112573,Z=-0.263203),(X=0.085723,Y=3.22587,Z=-1.390163),(X=-0.987424,Y=3.179338,Z=-1.272007),(X=-1.531331,Y=3.088745,Z=-1.056948),(X=1.211487,Y=2.388174,Z=3.349584),(X=1.211487,Y=2.388174,Z=3.349584),(X=-1.040151,Y=2.506731,Z=2.954595),(X=-1.861507,Y=2.455912,Z=2.867835),(X=-2.299857,Y=3.407356,Z=0.941983),(X=-3.505407,Y=7.789585,Z=1.369119),(X=-4.461453,Y=10.676331,Z=0.933106),(X=-4.461455,Y=10.67633,Z=0.933106),(X=-5.103493,Y=12.586291,Z=1.188758),(X=-5.103498,Y=12.586299,Z=1.18876),(X=-5.351771,Y=13.737672,Z=1.36446),(X=-5.579803,Y=14.720243,Z=1.390476),(X=-5.375006,Y=14.180504,Z=1.953812),(X=-5.566349,Y=14.116494,Z=0.870035))","true","(Pitch=40.531986,Yaw=-137.85614,Roll=-86.891914)","(X=14.402523,Y=5.612102,Z=-33.108222)"
LeftBrushKnee_03,"((X=0.0,Y=0.0,Z=0.0),(X=1.049652,Y=2.00693,Z=1.15541),(X=1.049652,Y=2.00693,Z=1.15541),(X=2.799007,Y=3.597919,Z=1.920268),(X=4.484086,Y=6.264462,Z=2.70827),(X=4.484087,Y=6.264462,Z=2.70827),(X=5.971567,Y=9.264289,Z=3.164527),(X=5.971564,Y=9.26429,Z=3.164527),(X=6.794472,Y=10.456646,Z=3.496655),(X=7.412998,Y=11.206239,Z=3.626269),(X=5.929991,Y=10.839929,Z=3.67032),(X=7.291631,Y=10.187367,Z=3.38594),(X=0.720716,Y=4.008001,Z=3.79009),(X=3.334127,Y=2.319311,Z=1.26764),(X=2.80285,Y=3.595843,Z=1.915772),(X=2.355068,Y=9.599624,Z=0.731645),(X=2.355068,Y=9.599624,Z=0.731645),(X=2.355068,Y=9.599624,Z=0.731645),(X=2.458315,Y=13.383756,Z=0.498218),(X=2.458316,Y=13.383761,Z=0.498218),(X=2.48829,Y=15.800322,Z=0.755087),(X=2.48829,Y=15.800323,Z=0.755087),(X=2.438803,Y=16.957565,Z=0.752679),(X=2.360501,Y=18.03302,Z=0.648754),(X=2.430012,Y=17.323446,Z=1.321864),(X=2.375238,Y=17.336056,Z=0.136446),(X=0.172591,Y=9.564661,Z=0.254315),(X=0.172591,Y=9.564661,Z=0.254315),(X=0.172591,Y=9.564661,Z=0.254315),(X=0.125431,Y=13.853108,Z=0.069218),(X=0.12543,Y=13.8531,Z=0.069216),(X=0.098452,Y=16.556612,Z=0.598492),(X=0.098451,Y=16.556602,Z=0.598489),(X=0.065918,Y=17.773821,Z=0.679683),(X=-0.011923,Y=19.052797,Z=0.655362),(X=0.116996,Y=18.273602,Z=1.339754),(X=-0.037514,Y=18.293356,Z=0.060074),(X=-0.150131,Y=9.581908,Z=-0.84305),(X=-1.746524,Y=8.869379,Z=0.652931),(X=-1.746524,Y=8.869379,Z=0.652931),(X=-1.746524,Y=8.869379,Z=0.652931),(X=-2.002968,Y=12.689851,Z=-0.08544),(X=-2.002969,Y=12.689857,Z=-0.08544),(X=-2.081743,Y=15.342618,Z=0.049004),(X=-2.081745,Y=15.34261,Z=0.049006),(X=-2.045067,Y=16.53425,Z=0.113543),(X=-2.062876,Y=17.780512,Z=0.027832),(X=-1.94941,Y=17.118256,Z=0.719946),(X=-2.119475,Y=16.991312,Z=-0.511449),(X=-3.505406,Y=7.789585,Z=1.369118),(X=-3.505406,Y=7.789585,Z=1.369118),(X=2.42547,Y=10.016154,Z=2.38383),(X=0.061962,Y=9.87255,Z=2.064966),(X=-1.88233,Y=9.011188,Z=2.344162),(X=-3.802669,Y=7.670982,Z=2.712936),(X=2.192823,Y=9.611815,Z=-0.521866),(X=-2.063757,Y=8.772871,Z=-0.342694),(X=-3.734504,Y=7.580273,Z=0.413205),(X=0.424187,Y=8.176033,Z=2.053984),(X=2.514459,Y=3.112573,Z=-0.263203),(X=0.085723,Y=3.22587,Z=-1.390163),(X=-0.987424,Y=3.179338,Z=-1.272007),(X=-1.531331,Y=3.088745,Z=-1.056948),(X=1.211487,Y=2.388174,Z=3.349584),(X=1.211487,Y=2.388174,Z=3.349584),(X=-1.040151,Y=2.506731,Z=2.954595),(X=-1.861507,Y=2.455912,Z=2.867835),(X=-2.299857,Y=3.407356,Z=0.941983),(X=-3.505407,Y=7.789585,Z=1.369119),(X=-4.057264,Y=10.645478,Z=0.380808),(X=-4.057266,Y=10.645477,Z=0.380808),(X=-4.318953,Y=12.64675,Z=0.608739),(X=-4.318956,Y=12.646759,Z=0.608741),(X=-4.321509,Y=13.819951,Z=0.813148),(X=-4.343392,Y=14.827434,Z=0.864337),(X=-4.2354,Y=14.243828,Z=1.410551),(X=-4.469728,Y=14.246365,Z=0.333348))","true","(Pitch=2.029155,Yaw=94.95974,Roll=177.790955)","(X=14.825553,Y=-22.244648,Z=-51.407075)"
RightBrushKnee_01,"((X=0.0,Y=0.0,Z=0.0),(X=1.049652,Y=2.00693,Z=1.15541),(X=1.049652,Y=2.00693,Z=1.15541),(X=3.042197,Y=3.432407,Z=1.572873),(X=5.109567,Y=5.868495,Z=2.174828),(X=5.109569,Y=5.868494,Z=2.174827),(X=6.87687,Y=8.724748,Z=2.546568),(X=6.876867,Y=8.724749,Z=2.546568),(X=7.923544,Y=9.756818,Z=2.766797),(X=8.66884,Y=10.39224,Z=2.811915),(X=7.168013,Y=10.26744,Z=3.071481),(X=8.348461,Y=9.415362,Z=2.580278),(X=1.295477,Y=4.00032,Z=3.719996),(X=3.335856,Y=2.1271,Z=0.826513),(X=2.80285,Y=3.595843,Z=1.915772),(X=2.355068,Y=9.599624,Z=0.731645),(X=2.355068,Y=9.599624,Z=0.731645),(X=2.355068,Y=9.599624,Z=0.731645),(X=1.984016,Y=13.351375,Z=1.145756),(X=1.984016,Y=13.35138,Z=1.145756),(X=1.718359,Y=15.590476,Z=2.052685),(X=1.718358,Y=15.590478,Z=2.052685),(X=1.529635,Y=16.664459,Z=2.443339),(X=1.319481,Y=17.693113,Z=2.710255),(X=1.491925,Y=16.811323,Z=3.10283),(X=1.404528,Y=17.218901,Z=1.991696),(X=0.172591,Y=9.564661,Z=0.254315),(X=0.172591,Y=9.564661,Z=0.254315),(X=0.172591,Y=9.564661,Z=0.254315),(X=-0.46948,Y=13.695507,Z=1.229568),(X=-0.46948,Y=13.6955,Z=1.229564),(X=-0.812126,Y=15.960817,Z=2.759521),(X=-0.812126,Y=15.96081,Z=2.759516),(X=-0.978063,Y=16.99666,Z=3.383014),(X=-1.203472,Y=18.128204,Z=3.940894),(X=-0.937786,Y=17.150497,Z=4.197136),(X=-1.184134,Y=17.719189,Z=3.066762),(X=-0.186199,Y=9.82843,Z=-0.799418),(X=-1.746524,Y=8.869379,Z=0.652931),(X=-1.746524,Y=8.869379,Z=0.652931),(X=-1.746524,Y=8.869379,Z=0.652931),(X=-2.460943,Y=12.627497,Z=1.409975),(X=-2.460945,Y=12.627501,Z=1.409977),(X=-2.773019,Y=14.928429,Z=2.702173),(X=-2.773021,Y=14.928421,Z=2.702171),(X=-2.820611,Y=15.930649,Z=3.34931),(X=-2.938344,Y=17.048304,Z=3.895039),(X=-2.721218,Y=16.147276,Z=4.162409),(X=-2.978244,Y=16.625355,Z=3.03691),(X=-3.505406,Y=7.789585,Z=1.369118),(X=-3.505406,Y=7.789585,Z=1.369118),(X=2.42547,Y=10.016154,Z=2.38383),(X=0.061962,Y=9.87255,Z=2.064966),(X=-1.88233,Y=9.011188,Z=2.344162),(X=-3.802669,Y=7.670982,Z=2.712936),(X=2.192823,Y=9.611815,Z=-0.521866),(X=-2.063757,Y=8.772871,Z=-0.342694),(X=-3.734504,Y=7.580273,Z=0.413205),(X=0.424187,Y=8.176033,Z=2.053984),(X=2.514459,Y=3.112573,Z=-0.263203),(X=0.085723,Y=3.22587,Z=-1.390163),(X=-0.987424,Y=3.179338,Z=-1.272007),(X=-1.531331,Y=3.088745,Z=-1.056948),(X=1.211487,Y=2.388174,Z=3.349584),(X=1.211487,Y=2.388174,Z=3.349584),(X=-1.040151,Y=2.506731,Z=2.954595),(X=-1.861507,Y=2.455912,Z=2.867835),(X=-2.299857,Y=3.407356,Z=0.941983),(X=-3.505407,Y=7.789585,Z=1.369119),(X=-4.208068,Y=10.76521,Z=1.668036),(X=-4.208071,Y=10.765209,Z=1.668036),(X=-4.627391,Y=12.598889,Z=2.434401),(X=-4.627395,Y=12.598896,Z=2.434406),(X=-4.751752,Y=13.696014,Z=2.88054),(X=-4.882679,Y=14.661641,Z=3.142349),(X=-4.690964,Y=13.994052,Z=3.552444),(X=-4.963645,Y=14.192495,Z=2.502898))","true","(Pitch=79.178734,Yaw=172.484863,Roll=-100.819016)","(X=28.355896,Y=-12.720811,Z=-32.2896)"
RightBrushKnee_02,"((X=0.0,Y=0.0,Z=0.0),(X=1.049652,Y=2.00693,Z=1.15541),(X=1.049652,Y=2.00693,Z=1.15541),(X=3.055173,Y=3.42086,Z=1.549344),(X=5.040884,Y=5.990952,Z=1.699262),(X=5.040885,Y=5.990951,Z=1.69926),(X=6.911844,Y=8.793412,Z=1.443414),(X=6.911841,Y=8.793413,Z=1.443414),(X=8.106722,Y=9.668736,Z=1.31984),(X=8.925428,Y=10.177646,Z=1.14097),(X=7.487859,Y=10.333379,Z=1.635516),(X=8.445078,Y=9.239649,Z=1.137261),(X=1.496284,Y=4.130345,Z=3.796607),(X=3.343287,Y=2.059847,Z=0.90767),(X=2.80285,Y=3.595843,Z=1.915772),(X=2.355068,Y=9.599624,Z=0.731645),(X=2.355068,Y=9.599624,Z=0.731645),(X=2.355068,Y=9.599624,Z=0.731645),(X=2.178312,Y=13.200764,Z=1.908655),(X=2.178312,Y=13.200768,Z=1.908657),(X=2.029391,Y=15.375847,Z=2.982668),(X=2.029391,Y=15.37585,Z=2.982668),(X=1.896259,Y=16.434114,Z=3.434347),(X=1.739953,Y=17.455469,Z=3.759831),(X=1.862992,Y=16.544552,Z=4.101143),(X=1.803313,Y=17.019564,Z=3.015244),(X=0.172591,Y=9.564661,Z=0.254315),(X=0.172591,Y=9.564661,Z=0.254315),(X=0.172591,Y=9.564661,Z=0.254315),(X=-0.194492,Y=13.489474,Z=1.953832),(X=-0.194493,Y=13.489468,Z=1.953827),(X=-0.414638,Y=15.77423,Z=3.477388),(X=-0.414639,Y=15.774222,Z=3.477382),(X=-0.53077,Y=16.838085,Z=4.063879),(X=-0.700525,Y=17.998383,Z=4.580914),(X=-0.490117,Y=17.017214,Z=4.872795),(X=-0.694759,Y=17.559368,Z=3.721259),(X=-0.18902,Y=10.029904,Z=-0.726217),(X=-1.746524,Y=8.869379,Z=0.652931),(X=-1.746524,Y=8.869379,Z=0.652931),(X=-1.746524,Y=8.869379,Z=0.652931),(X=-2.38549,Y=12.484424,Z=1.968276),(X=-2.385491,Y=12.484428,Z=1.968279),(X=-2.689338,Y=14.700201,Z=3.403359),(X=-2.68934,Y=14.700193,Z=3.403356),(X=-2.732949,Y=15.660704,Z=4.111192),(X=-2.847563,Y=16.742559,Z=4.725428),(X=-2.627644,Y=15.8271,Z=4.935304),(X=-2.893535,Y=16.373079,Z=3.843252),(X=-3.505406,Y=7.789585,Z=1.369118),(X=-3.505406,Y=7.789585,Z=1.369118),(X=2.42547,Y=10.016154,Z=2.38383),(X=0.061962,Y=9.87255,Z=2.064966),(X=-1.88233,Y=9.011188,Z=2.344162),(X=-3.802669,Y=7.670982,Z=2.712936),(X=2.192823,Y=9.611815,Z=-0.521866),(X=-2.063757,Y=8.772871,Z=-0.342694),(X=-3.734504,Y=7.580273,Z=0.413205),(X=0.424187,Y=8.176033,Z=2.053984),(X=2.514459,Y=3.112573,Z=-0.263203),(X=0.085723,Y=3.22587,Z=-1.390163),(X=-0.987424,Y=3.179338,Z=-1.272007),(X=-1.531331,Y=3.088745,Z=-1.056948),(X=1.211487,Y=2.388174,Z=3.349584),(X=1.211487,Y=2.388174,Z=3.349584),(X=-1.040151,Y=2.506731,Z=2.954595),(X=-1.861507,Y=2.455912,Z=2.867835),(X=-2.299857,Y=3.407356,Z=0.941983),(X=-3.505407,Y=7.789585,Z=1.369119),(X=-4.561146,Y=10.632026,Z=1.862455),(X=-4.561148,Y=10.632024,Z=1.862455),(X=-5.19732,Y=12.35134,Z=2.736962),(X=-5.197325,Y=12.351347,Z=2.736967),(X=-5.432157,Y=13.38181,Z=3.285754),(X=-5.663116,Y=14.298415,Z=3.63876),(X=-5.389633,Y=13.621621,Z=3.981928),(X=-5.706049,Y=13.884055,Z=2.959044))","true","(Pitch=2.472311,Yaw=165.630966,Roll=-118.282928)","(X=22.018655,Y=-28.031468,Z=-9.555495)"
RightBrushKnee_03,"((X=0.0,Y=0.0,Z=0.0),(X=1.049652,Y=2.00693,Z=1.15541),(X=1.049652,Y=2.00693,Z=1.15541),(X=2.983991,Y=3.479872,Z=1.670455),(X=4.907774,Y=6.067731,Z=2.086311),(X=4.907776,Y=6.06773,Z=2.08631),(X=6.513884,Y=9.036777,Z=2.244137),(X=6.513881,Y=9.036777,Z=2.244137),(X=7.44958,Y=10.180423,Z=2.404582),(X=8.126221,Y=10.889898,Z=2.412683),(X=6.64534,Y=10.627277,Z=2.683709),(X=7.90745,Y=9.874371,Z=2.235399),(X=1.22833,Y=4.081261,Z=3.801107),(X=3.347687,Y=2.148659,Z=1.005089),(X=2.80285,Y=3.595843,Z=1.915772),(X=2.355068,Y=9.599624,Z=0.731645),(X=2.355068,Y=9.599624,Z=0.731645),(X=2.355068,Y=9.599624,Z=0.731645),(X=2.109267,Y=13.359415,Z=0.297646),(X=2.109267,Y=13.359421,Z=0.297646),(X=1.913489,Y=15.77911,Z=0.413474),(X=1.913489,Y=15.779112,Z=0.413473),(X=1.756914,Y=16.923737,Z=0.329918),(X=1.580168,Y=17.977394,Z=0.150745),(X=1.70899,Y=17.325855,Z=0.872066),(X=1.664194,Y=17.25094,Z=-0.31147),(X=0.172591,Y=9.564661,Z=0.254315),(X=0.172591,Y=9.564661,Z=0.254315),(X=0.172591,Y=9.564661,Z=0.254315),(X=-0.144097,Y=13.843414,Z=0.115601),(X=-0.144097,Y=13.843407,Z=0.115599),(X=-0.341395,Y=16.530447,Z=0.69069),(X=-0.341395,Y=16.530437,Z=0.690687),(X=-0.451521,Y=17.742348,Z=0.782435),(X=-0.610461,Y=19.013956,Z=0.769048),(X=-0.434396,Y=18.238409,Z=1.447049),(X=-0.585841,Y=18.259806,Z=0.16703),(X=-0.148344,Y=9.573627,Z=-0.843673),(X=-1.746524,Y=8.869379,Z=0.652931),(X=-1.746524,Y=8.869379,Z=0.652931),(X=-1.746524,Y=8.869379,Z=0.652931),(X=-2.040899,Y=12.719941,Z=0.111195),(X=-2.0409,Y=12.719946,Z=0.111196),(X=-2.15163,Y=15.364706,Z=0.344461),(X=-2.151633,Y=15.364697,Z=0.344462),(X=-2.13228,Y=16.554806,Z=0.438173),(X=-2.168197,Y=17.802404,Z=0.382996),(X=-2.045143,Y=17.125114,Z=1.05873),(X=-2.2133,Y=17.025908,Z=-0.17547),(X=-3.505406,Y=7.789585,Z=1.369118),(X=-3.505406,Y=7.789585,Z=1.369118),(X=2.42547,Y=10.016154,Z=2.38383),(X=0.061962,Y=9.87255,Z=2.064966),(X=-1.88233,Y=9.011188,Z=2.344162),(X=-3.802669,Y=7.670982,Z=2.712936),(X=2.192823,Y=9.611815,Z=-0.521866),(X=-2.063757,Y=8.772871,Z=-0.342694),(X=-3.734504,Y=7.580273,Z=0.413205),(X=0.424187,Y=8.176033,Z=2.053984),(X=2.514459,Y=3.112573,Z=-0.263203),(X=0.085723,Y=3.22587,Z=-1.390163),(X=-0.987424,Y=3.179338,Z=-1.272007),(X=-1.531331,Y=3.088745,Z=-1.056948),(X=1.211487,Y=2.388174,Z=3.349584),(X=1.211487,Y=2.388174,Z=3.349584),(X=-1.040151,Y=2.506731,Z=2.954595),(X=-1.861507,Y=2.455912,Z=2.867835),(X=-2.299857,Y=3.407356,Z=0.941983),(X=-3.505407,Y=7.789585,Z=1.369119),(X=-3.920231,Y=10.701431,Z=0.482267),(X=-3.920233,Y=10.70143,Z=0.482267),(X=-4.129272,Y=12.715221,Z=0.644976),(X=-4.129274,Y=12.71523,Z=0.644978),(X=-4.109488,Y=13.89708,Z=0.789912),(X=-4.111374,Y=14.906098,Z=0.790044),(X=-4.01873,Y=14.348846,Z=1.3658),(X=-4.245953,Y=14.301529,Z=0.288112))","true","(Pitch=-4.99608,Yaw=91.159378,Roll=-109.644127)","(X=34.472978,Y=-19.354362,Z=-22.508967)"
GraspingBirdsTail_Left_01,"((X=0.0,Y=0.0,Z=0.0),(X=1.049652,Y=2.00693,Z=1.15541),(X=1.049652,Y=2.00693,Z=1.15541),(X=2.956161,Y=3.500443,Z=1.71321),(X=4.905704,Y=5.934202,Z=2.633531),(X=4.905706,Y=5.934201,Z=2.63353),(X=6.366398,Y=8.879197,Z=3.416541),(X=6.366396,Y=8.879198,Z=3.416541),(X=7.329696,Y=9.936233,Z=3.821422),(X=8.033454,Y=10.596916,Z=3.993139),(X=6.520206,Y=10.395331,Z=4.062974),(X=7.789322,Y=9.624888,Z=3.667333),(X=0.991998,Y=3.939654,Z=3.696353),(X=3.348192,Y=2.236776,Z=0.940831),(X=2.80285,Y=3.595843,Z=1.915772),(X=2.355068,Y=9.599624,Z=0.731645),(X=2.355068,Y=9.599624,Z=0.731645),(X=2.355068,Y=9.599624,Z=0.731645),(X=2.090544,Y=13.367657,Z=1.073338),(X=2.090544,Y=13.367662,Z=1.073338),(X=1.890361,Y=15.600703,Z=2.011474),(X=1.89036,Y=15.600706,Z=2.011474),(X=1.734482,Y=16.662333,Z=2.447723),(X=1.555051,Y=17.684422,Z=2.758645),(X=1.705492,Y=16.782648,Z=3.113008),(X=1.621789,Y=17.238314,Z=2.020424),(X=0.172591,Y=9.564661,Z=0.254315),(X=0.172591,Y=9.564661,Z=0.254315),(X=0.172591,Y=9.564661,Z=0.254315),(X=-0.404094,Y=13.802553,Z=0.6217),(X=-0.404095,Y=13.802545,Z=0.621696),(X=-0.739111,Y=16.31403,Z=1.703385),(X=-0.739111,Y=16.31402,Z=1.703381),(X=-0.899632,Y=17.448515,Z=2.123411),(X=-1.116138,Y=18.666019,Z=2.459923),(X=-0.875962,Y=17.747532,Z=2.896788),(X=-1.083792,Y=18.104303,Z=1.675574),(X=-0.161978,Y=9.682391,Z=-0.833279),(X=-1.746524,Y=8.869379,Z=0.652931),(X=-1.746524,Y=8.869379,Z=0.652931),(X=-1.746524,Y=8.869379,Z=0.652931),(X=-2.444659,Y=12.671659,Z=1.165014),(X=-2.44466,Y=12.671664,Z=1.165016),(X=-2.781687,Y=15.091567,Z=2.209963),(X=-2.781688,Y=15.091558,Z=2.209961),(X=-2.841621,Y=16.153755,Z=2.751865),(X=-2.969462,Y=17.320518,Z=3.179832),(X=-2.758858,Y=16.451189,Z=3.540929),(X=-2.992029,Y=16.813343,Z=2.367965),(X=-3.505406,Y=7.789585,Z=1.369118),(X=-3.505406,Y=7.789585,Z=1.369118),(X=2.42547,Y=10.016154,Z=2.38383),(X=0.061962,Y=9.87255,Z=2.064966),(X=-1.88233,Y=9.011188,Z=2.344162),(X=-3.802669,Y=7.670982,Z=2.712936),(X=2.192823,Y=9.611815,Z=-0.521866),(X=-2.063757,Y=8.772871,Z=-0.342694),(X=-3.734504,Y=7.580273,Z=0.413205),(X=0.424187,Y=8.176033,Z=2.053984),(X=2.514459,Y=3.112573,Z=-0.263203),(X=0.085723,Y=3.22587,Z=-1.390163),(X=-0.987424,Y=3.179338,Z=-1.272007),(X=-1.531331,Y=3.088745,Z=-1.056948),(X=1.211487,Y=2.388174,Z=3.349584),(X=1.211487,Y=2.388174,Z=3.349584),(X=-1.040151,Y=2.506731,Z=2.954595),(X=-1.861507,Y=2.455912,Z=2.867835),(X=-2.299857,Y=3.407356,Z=0.941983),(X=-3.505407,Y=7.789585,Z=1.369119),(X=-4.21535,Y=10.740917,Z=1.8414),(X=-4.215352,Y=10.740916,Z=1.8414),(X=-4.687394,Y=12.569093,Z=2.590049),(X=-4.687397,Y=12.569099,Z=2.590053),(X=-4.853945,Y=13.673474,Z=3.003317),(X=-5.019612,Y=14.641247,Z=3.235893),(X=-4.814693,Y=13.991466,Z=3.667634),(X=-5.074292,Y=14.152541,Z=2.608415))","true","(Pitch=75.820328,Yaw=161.24736,Roll=-110.111298)","(X=26.960311,Y=-14.71402,Z=-30.494487)"
GraspingBirdsTail_Left_02,"((X=0.0,Y=0.0,Z=0.0),(X=1.049652,Y=2.00693,Z=1.15541),(X=1.049652,Y=2.00693,Z=1.15541),(X=3.187451,Y=3.2708,Z=1.249996),(X=5.518125,Y=5.519145,Z=1.539473),(X=5.518126,Y=5.519144,Z=1.539472),(X=7.175637,Y=8.435304,Z=1.949832),(X=7.175635,Y=8.435305,Z=1.949832),(X=8.302478,Y=9.396311,Z=2.075897),(X=9.086577,Y=9.984449,Z=2.052563),(X=7.617688,Y=9.942613,Z=2.472141),(X=8.682577,Y=9.035327,Z=1.836835),(X=1.80548,Y=3.9837,Z=3.609154),(X=3.263792,Y=1.94617,Z=0.484071),(X=2.80285,Y=3.595843,Z=1.915772),(X=2.355068,Y=9.599624,Z=0.731645),(X=2.355068,Y=9.599624,Z=0.731645),(X=2.355068,Y=9.599624,Z=0.731645),(X=3.177308,Y=13.235742,Z=0.033529),(X=3.17731,Y=13.235747,Z=0.033528),(X=3.682555,Y=15.60975,Z=-0.090908),(X=3.682556,Y=15.609752,Z=-0.090909),(X=3.857755,Y=16.744118,Z=-0.246405),(X=3.984307,Y=17.791817,Z=-0.491046),(X=3.945632,Y=17.173641,Z=0.269063),(X=3.840797,Y=17.046499,Z=-0.90619),(X=0.172591,Y=9.564661,Z=0.254315),(X=0.172591,Y=9.564661,Z=0.254315),(X=0.172591,Y=9.564661,Z=0.254315),(X=0.310703,Y=13.854639,Z=0.188913),(X=0.310702,Y=13.85463,Z=0.18891),(X=0.392112,Y=16.583363,Z=0.559361),(X=0.392111,Y=16.583353,Z=0.559359),(X=0.407248,Y=17.803612,Z=0.563001),(X=0.379295,Y=19.080521,Z=0.457401),(X=0.479189,Y=18.341942,Z=1.189984),(X=0.322834,Y=18.286373,Z=-0.088416),(X=-0.14993,Y=9.626474,Z=-0.841503),(X=-1.746524,Y=8.869379,Z=0.652931),(X=-1.746524,Y=8.869379,Z=0.652931),(X=-1.746524,Y=8.869379,Z=0.652931),(X=-2.081567,Y=12.744234,Z=0.369728),(X=-2.081568,Y=12.744239,Z=0.369729),(X=-2.231902,Y=15.375932,Z=0.705919),(X=-2.231905,Y=15.375923,Z=0.705919),(X=-2.219626,Y=16.553988,Z=0.899639),(X=-2.263727,Y=17.801523,Z=0.950102),(X=-2.132999,Y=17.07049,Z=1.565716),(X=-2.306703,Y=17.074619,Z=0.328308),(X=-3.505406,Y=7.789585,Z=1.369118),(X=-3.505406,Y=7.789585,Z=1.369118),(X=2.42547,Y=10.016154,Z=2.38383),(X=0.061962,Y=9.87255,Z=2.064966),(X=-1.88233,Y=9.011188,Z=2.344162),(X=-3.802669,Y=7.670982,Z=2.712936),(X=2.192823,Y=9.611815,Z=-0.521866),(X=-2.063757,Y=8.772871,Z=-0.342694),(X=-3.734504,Y=7.580273,Z=0.413205),(X=0.424187,Y=8.176033,Z=2.053984),(X=2.514459,Y=3.112573,Z=-0.263203),(X=0.085723,Y=3.22587,Z=-1.390163),(X=-0.987424,Y=3.179338,Z=-1.272007),(X=-1.531331,Y=3.088745,Z=-1.056948),(X=1.211487,Y=2.388174,Z=3.349584),(X=1.211487,Y=2.388174,Z=3.349584),(X=-1.040151,Y=2.506731,Z=2.954595),(X=-1.861507,Y=2.455912,Z=2.867835),(X=-2.299857,Y=3.407356,Z=0.941983),(X=-3.505407,Y=7.789585,Z=1.369119),(X=-4.36726,Y=10.697366,Z=0.879779),(X=-4.367262,Y=10.697365,Z=0.879779),(X=-4.96062,Y=12.631304,Z=1.062349),(X=-4.960624,Y=12.631311,Z=1.062351),(X=-5.183653,Y=13.794735,Z=1.184306),(X=-5.388797,Y=14.782479,Z=1.164394),(X=-5.202841,Y=14.263619,Z=1.753301),(X=-5.383911,Y=14.156153,Z=0.671198))","true","(Pitch=48.535492,Yaw=-161.837784,Roll=-98.418533)","(X=13.699415,Y=1.267751,Z=-34.301186)"
GraspingBirdsTail_Left_03,"((X=0.0,Y=0.0,Z=0.0),(X=1.049652,Y=2.00693,Z=1.15541),(X=1.049652,Y=2.00693,Z=1.15541),(X=3.082278,Y=3.395374,Z=1.497681),(X=5.102207,Y=5.941508,Z=1.587025),(X=5.102209,Y=5.941507,Z=1.587023),(X=7.218189,Y=8.528737,Z=1.088427),(X=7.218187,Y=8.528738,Z=1.088427),(X=8.505783,Y=9.22816,Z=0.839217),(X=9.370049,Y=9.612105,Z=0.580577),(X=8.000422,Y=9.986482,Z=1.145733),(X=8.772905,Y=8.747979,Z=0.66599),(X=1.58967,Y=4.132105,Z=3.78089),(X=3.337467,Y=2.028596,Z=0.854322),(X=2.80285,Y=3.595843,Z=1.915772),(X=2.355068,Y=9.599624,Z=0.731645),(X=2.355068,Y=9.599624,Z=0.731645),(X=2.355068,Y=9.599624,Z=0.731645),(X=1.972942,Y=12.878818,Z=2.598639),(X=1.972942,Y=12.878823,Z=2.598642),(X=1.698354,Y=14.865794,Z=3.970936),(X=1.698354,Y=14.865796,Z=3.970937),(X=1.503466,Y=15.845346,Z=4.55759),(X=1.287666,Y=16.803772,Z=5.014086),(X=1.46345,Y=15.864277,Z=5.232839),(X=1.376753,Y=16.47485,Z=4.218905),(X=0.172591,Y=9.564661,Z=0.254315),(X=0.172591,Y=9.564661,Z=0.254315),(X=0.172591,Y=9.564661,Z=0.254315),(X=0.004478,Y=13.049948,Z=2.754672),(X=0.004477,Y=13.049942,Z=2.754665),(X=-0.119306,Y=15.212854,Z=4.456525),(X=-0.119307,Y=15.212848,Z=4.456519),(X=-0.19727,Y=16.254387,Z=5.0877),(X=-0.324735,Y=17.397247,Z=5.653433),(X=-0.153884,Y=16.397078,Z=5.90369),(X=-0.331515,Y=16.99547,Z=4.775764),(X=-0.180023,Y=10.242377,Z=-0.597167),(X=-1.746524,Y=8.869379,Z=0.652931),(X=-1.746524,Y=8.869379,Z=0.652931),(X=-1.746524,Y=8.869379,Z=0.652931),(X=-1.956816,Y=12.434871,Z=2.21818),(X=-1.956817,Y=12.434875,Z=2.218183),(X=-2.038222,Y=14.691323,Z=3.61934),(X=-2.038224,Y=14.691317,Z=3.619337),(X=-1.987119,Y=15.665132,Z=4.30824),(X=-1.994493,Y=16.764879,Z=4.900974),(X=-1.866865,Y=15.836409,Z=5.129301),(X=-2.075805,Y=16.384527,Z=4.025997),(X=-3.505406,Y=7.789585,Z=1.369118),(X=-3.505406,Y=7.789585,Z=1.369118),(X=2.42547,Y=10.016154,Z=2.38383),(X=0.061962,Y=9.87255,Z=2.064966),(X=-1.88233,Y=9.011188,Z=2.344162),(X=-3.802669,Y=7.670982,Z=2.712936),(X=2.192823,Y=9.611815,Z=-0.521866),(X=-2.063757,Y=8.772871,Z=-0.342694),(X=-3.734504,Y=7.580273,Z=0.413205),(X=0.424187,Y=8.176033,Z=2.053984),(X=2.514459,Y=3.112573,Z=-0.263203),(X=0.085723,Y=3.22587,Z=-1.390163),(X=-0.987424,Y=3.179338,Z=-1.272007),(X=-1.531331,Y=3.088745,Z=-1.056948),(X=1.211487,Y=2.388174,Z=3.349584),(X=1.211487,Y=2.388174,Z=3.349584),(X=-1.040151,Y=2.506731,Z=2.954595),(X=-1.861507,Y=2.455912,Z=2.867835),(X=-2.299857,Y=3.407356,Z=0.941983),(X=-3.505407,Y=7.789585,Z=1.369119),(X=-3.615285,Y=10.824639,Z=1.831509),(X=-3.615287,Y=10.824638,Z=1.831509),(X=-3.687699,Y=12.694558,Z=2.621246),(X=-3.687701,Y=12.694566,Z=2.62125),(X=-3.577293,Y=13.756005,Z=3.149762),(X=-3.503968,Y=14.704772,Z=3.485301),(X=-3.442819,Y=13.982308,Z=3.838732),(X=-3.692199,Y=14.312883,Z=2.817061))","true","(Pitch=74.920937,Yaw=152.156143,Roll=-164.351212)","(X=29.647311,Y=-30.527346,Z=-8.865845)"
GraspingBirdsTail_Right_01,"((X=0.0,Y=0.0,Z=0.0),(X=1.049652,Y=2.00693,Z=1.15541),(X=1.049652,Y=2.00693,Z=1.15541),(X=3.031275,Y=3.44183,Z=1.592134),(X=4.990365,Y=6.027853,Z=1.805073),(X=4.990366,Y=6.027853,Z=1.805072),(X=6.983024,Y=8.740743,Z=1.506288),(X=6.983021,Y=8.740745,Z=1.506288),(X=8.126629,Y=9.686898,Z=1.427841),(X=8.917974,Y=10.246129,Z=1.278515),(X=7.46165,Y=10.308433,Z=1.737504),(X=8.494348,Y=9.281676,Z=1.247527),(X=1.41317,Y=4.123755,Z=3.80582),(X=3.34645,Y=2.087405,Z=0.94924),(X=2.80285,Y=3.595843,Z=1.915772),(X=2.355068,Y=9.599624,Z=0.731645),(X=2.355068,Y=9.599624,Z=0.731645),(X=2.355068,Y=9.599624,Z=0.731645),(X=2.138326,Y=13.384995,Z=0.825387),(X=2.138326,Y=13.385001,Z=0.825388),(X=1.96373,Y=15.73842,Z=1.406406),(X=1.96373,Y=15.738421,Z=1.406406),(X=1.818452,Y=16.866083,Z=1.627619),(X=1.650473,Y=17.931063,Z=1.733159),(X=1.783654,Y=17.112831,Z=2.256765),(X=1.719074,Y=17.350136,Z=1.095777),(X=0.172591,Y=9.564661,Z=0.254315),(X=0.172591,Y=9.564661,Z=0.254315),(X=0.172591,Y=9.564661,Z=0.254315),(X=-0.375459,Y=13.660189,Z=1.417739),(X=-0.375459,Y=13.660182,Z=1.417734),(X=-0.702066,Y=16.071474,Z=2.709571),(X=-0.702066,Y=16.071466,Z=2.709566),(X=-0.866274,Y=17.182257,Z=3.187528),(X=-1.086719,Y=18.380079,Z=3.58635),(X=-0.843664,Y=17.441042,Z=3.975312),(X=-1.05247,Y=17.85969,Z=2.774072),(X=-0.187712,Y=9.882716,Z=-0.783799),(X=-1.746524,Y=8.869379,Z=0.652931),(X=-1.746524,Y=8.869379,Z=0.652931),(X=-1.746524,Y=8.869379,Z=0.652931),(X=-2.40814,Y=12.592193,Z=1.60681),(X=-2.408141,Y=12.592196,Z=1.606812),(X=-2.727155,Y=14.916059,Z=2.85554),(X=-2.727157,Y=14.916052,Z=2.855538),(X=-2.778759,Y=15.930494,Z=3.483038),(X=-2.899712,Y=17.058435,Z=4.006443),(X=-2.685028,Y=16.162588,Z=4.292534),(X=-2.933753,Y=16.619169,Z=3.156296),(X=-3.505406,Y=7.789585,Z=1.369118),(X=-3.505406,Y=7.789585,Z=1.369118),(X=2.42547,Y=10.016154,Z=2.38383),(X=0.061962,Y=9.87255,Z=2.064966),(X=-1.88233,Y=9.011188,Z=2.344162),(X=-3.802669,Y=7.670982,Z=2.712936),(X=2.192823,Y=9.611815,Z=-0.521866),(X=-2.063757,Y=8.772871,Z=-0.342694),(X=-3.734504,Y=7.580273,Z=0.413205),(X=0.424187,Y=8.176033,Z=2.053984),(X=2.514459,Y=3.112573,Z=-0.263203),(X=0.085723,Y=3.22587,Z=-1.390163),(X=-0.987424,Y=3.179338,Z=-1.272007),(X=-1.531331,Y=3.088745,Z=-1.056948),(X=1.211487,Y=2.388174,Z=3.349584),(X=1.211487,Y=2.388174,Z=3.349584),(X=-1.040151,Y=2.506731,Z=2.954595),(X=-1.861507,Y=2.455912,Z=2.867835),(X=-2.299857,Y=3.407356,Z=0.941983),(X=-3.505407,Y=7.789585,Z=1.369119),(X=-4.267363,Y=10.76425,Z=1.459823),(X=-4.267365,Y=10.764249,Z=1.459823),(X=-4.771368,Y=12.653093,Z=2.010978),(X=-4.771372,Y=12.653101,Z=2.010981),(X=-4.932519,Y=13.778575,Z=2.365253),(X=-5.091825,Y=14.758397,Z=2.546057),(X=-4.898574,Y=14.129703,Z=3.012967),(X=-5.143292,Y=14.238803,Z=1.943625))","true","(Pitch=80.333534,Yaw=149.655472,Roll=-119.524879)","(X=26.48482,Y=-13.827782,Z=-28.744292)"
GraspingBirdsTail_Right_02,"((X=0.0,Y=0.0,Z=0.0),(X=1.049652,Y=2.00693,Z=1.15541),(X=1.049652,Y=2.00693,Z=1.15541),(X=2.967181,Y=3.492443,Z=1.696548),(X=4.800542,Y=6.173281,Z=1.847511),(X=4.800544,Y=6.17328,Z=1.84751),(X=6.416651,Y=9.134558,Z=1.650628),(X=6.416648,Y=9.134559,Z=1.650628),(X=7.457688,Y=10.194712,Z=1.611782),(X=8.191712,Y=10.833258,Z=1.490408),(X=6.720023,Y=10.74382,Z=1.892358),(X=7.872363,Y=9.829866,Z=1.447866),(X=1.281303,Y=4.174777,Z=3.858939),(X=3.355736,Y=2.132627,Z=1.107449),(X=2.80285,Y=3.595843,Z=1.915772),(X=2.355068,Y=9.599624,Z=0.731645),(X=2.355068,Y=9.599624,Z=0.731645),(X=2.355068,Y=9.599624,Z=0.731645),(X=2.226255,Y=13.050132,Z=2.300785),(X=2.226255,Y=13.050138,Z=2.300788),(X=2.105283,Y=14.969403,Z=3.786866),(X=2.105283,Y=14.969405,Z=3.786866),(X=1.987005,Y=15.889465,Z=4.480524),(X=1.844349,Y=16.804222,Z=5.043025),(X=1.959161,Y=15.836869,Z=5.1546),(X=1.898101,Y=16.559282,Z=4.215044),(X=0.172591,Y=9.564661,Z=0.254315),(X=0.172591,Y=9.564661,Z=0.254315),(X=0.172591,Y=9.564661,Z=0.254315),(X=-0.0676,Y=13.431131,Z=2.103635),(X=-0.067601,Y=13.431125,Z=2.103629),(X=-0.203119,Y=15.591956,Z=3.807238),(X=-0.203119,Y=15.591949,Z=3.807231),(X=-0.277037,Y=16.595043,Z=4.498325),(X=-0.402151,Y=17.702688,Z=5.130701),(X=-0.221057,Y=16.691059,Z=5.320354),(X=-0.420959,Y=17.35181,Z=4.231643),(X=-0.178251,Y=10.077795,Z=-0.706029),(X=-1.746524,Y=8.869379,Z=0.652931),(X=-1.746524,Y=8.869379,Z=0.652931),(X=-1.746524,Y=8.869379,Z=0.652931),(X=-2.227038,Y=12.406856,Z=2.22211),(X=-2.227039,Y=12.40686,Z=2.222113),(X=-2.377694,Y=14.417003,Z=3.953603),(X=-2.377696,Y=14.416996,Z=3.9536),(X=-2.342622,Y=15.247262,Z=4.810887),(X=-2.374788,Y=16.216148,Z=5.59896),(X=-2.199705,Y=15.268713,Z=5.645783),(X=-2.471954,Y=16.001406,Z=4.670893),(X=-3.505406,Y=7.789585,Z=1.369118),(X=-3.505406,Y=7.789585,Z=1.369118),(X=2.42547,Y=10.016154,Z=2.38383),(X=0.061962,Y=9.87255,Z=2.064966),(X=-1.88233,Y=9.011188,Z=2.344162),(X=-3.802669,Y=7.670982,Z=2.712936),(X=2.192823,Y=9.611815,Z=-0.521866),(X=-2.063757,Y=8.772871,Z=-0.342694),(X=-3.734504,Y=7.580273,Z=0.413205),(X=0.424187,Y=8.176033,Z=2.053984),(X=2.514459,Y=3.112573,Z=-0.263203),(X=0.085723,Y=3.22587,Z=-1.390163),(X=-0.987424,Y=3.179338,Z=-1.272007),(X=-1.531331,Y=3.088745,Z=-1.056948),(X=1.211487,Y=2.388174,Z=3.349584),(X=1.211487,Y=2.388174,Z=3.349584),(X=-1.040151,Y=2.506731,Z=2.954595),(X=-1.861507,Y=2.455912,Z=2.867835),(X=-2.299857,Y=3.407356,Z=0.941983),(X=-3.505407,Y=7.789585,Z=1.369119),(X=-4.18403,Y=10.664187,Z=2.213847),(X=-4.184032,Y=10.664186,Z=2.213847),(X=-4.475925,Y=12.253043,Z=3.445048),(X=-4.475929,Y=12.25305,Z=3.445054),(X=-4.485085,Y=13.15795,Z=4.219159),(X=-4.527813,Y=13.996024,Z=4.779451),(X=-4.337497,Y=13.228469,Z=4.93834),(X=-4.702851,Y=13.75348,Z=4.040476))","true","(Pitch=-7.095582,Yaw=178.513519,Roll=-136.037628)","(X=24.413566,Y=-24.719542,Z=-6.37387)"
GraspingBirdsTail_Right_03,"((X=0.0,Y=0.0,Z=0.0),(X=1.049652,Y=2.00693,Z=1.15541),(X=1.049652,Y=2.00693,Z=1.15541),(X=2.970186,Y=3.490229,Z=1.691945),(X=4.847962,Y=6.125996,Z=2.004326),(X=4.847964,Y=6.125995,Z=2.004325),(X=6.337425,Y=9.158198,Z=2.087872),(X=6.337423,Y=9.158199,Z=2.087872),(X=7.323362,Y=10.266973,Z=2.175858),(X=8.028655,Y=10.946898,Z=2.136771),(X=6.545829,Y=10.758812,Z=2.45502),(X=7.763628,Y=9.934971,Z=2.0089),(X=1.232703,Y=4.119942,Z=3.829305),(X=3.350887,Y=2.147306,Z=1.060489),(X=2.80285,Y=3.595843,Z=1.915772),(X=2.355068,Y=9.599624,Z=0.731645),(X=2.355068,Y=9.599624,Z=0.731645),(X=2.355068,Y=9.599624,Z=0.731645),(X=2.173215,Y=13.355241,Z=0.234584),(X=2.173216,Y=13.355247,Z=0.234584),(X=2.018677,Y=15.777338,Z=0.362001),(X=2.018677,Y=15.77734,Z=0.362),(X=1.881679,Y=16.925777,Z=0.298854),(X=1.722655,Y=17.985287,Z=0.138591),(X=1.842343,Y=17.319155,Z=0.848059),(X=1.792714,Y=17.265656,Z=-0.336445),(X=0.172591,Y=9.564661,Z=0.254315),(X=0.172591,Y=9.564661,Z=0.254315),(X=0.172591,Y=9.564661,Z=0.254315),(X=-0.135773,Y=13.845818,Z=0.316566),(X=-0.135773,Y=13.845809,Z=0.316563),(X=-0.320436,Y=16.478977,Z=1.105339),(X=-0.320436,Y=16.478968,Z=1.105336),(X=-0.425328,Y=17.679405,Z=1.298261),(X=-0.579486,Y=18.948236,Z=1.391712),(X=-0.401984,Y=18.118425,Z=2.001681),(X=-0.561665,Y=18.246683,Z=0.72893),(X=-0.151792,Y=9.6255,Z=-0.841008),(X=-1.746524,Y=8.869379,Z=0.652931),(X=-1.746524,Y=8.869379,Z=0.652931),(X=-1.746524,Y=8.869379,Z=0.652931),(X=-2.16016,Y=12.701663,Z=0.061776),(X=-2.160161,Y=12.701669,Z=0.061777),(X=-2.323475,Y=15.328962,Z=0.425212),(X=-2.323477,Y=15.328954,Z=0.425212),(X=-2.323171,Y=16.509989,Z=0.600339),(X=-2.379955,Y=17.757652,Z=0.631143),(X=-2.241763,Y=17.037781,Z=1.258174),(X=-2.415571,Y=17.020638,Z=0.020892),(X=-3.505406,Y=7.789585,Z=1.369118),(X=-3.505406,Y=7.789585,Z=1.369118),(X=2.42547,Y=10.016154,Z=2.38383),(X=0.061962,Y=9.87255,Z=2.064966),(X=-1.88233,Y=9.011188,Z=2.344162),(X=-3.802669,Y=7.670982,Z=2.712936),(X=2.192823,Y=9.611815,Z=-0.521866),(X=-2.063757,Y=8.772871,Z=-0.342694),(X=-3.734504,Y=7.580273,Z=0.413205),(X=0.424187,Y=8.176033,Z=2.053984),(X=2.514459,Y=3.112573,Z=-0.263203),(X=0.085723,Y=3.22587,Z=-1.390163),(X=-0.987424,Y=3.179338,Z=-1.272007),(X=-1.531331,Y=3.088745,Z=-1.056948),(X=1.211487,Y=2.388174,Z=3.349584),(X=1.211487,Y=2.388174,Z=3.349584),(X=-1.040151,Y=2.506731,Z=2.954595),(X=-1.861507,Y=2.455912,Z=2.867835),(X=-2.299857,Y=3.407356,Z=0.941983),(X=-3.505407,Y=7.789585,Z=1.369119),(X=-4.13057,Y=10.638549,Z=0.404751),(X=-4.130572,Y=10.638549,Z=0.404751),(X=-4.425125,Y=12.626287,Z=0.70082),(X=-4.425128,Y=12.626296,Z=0.700823),(X=-4.443964,Y=13.790413,Z=0.951111),(X=-4.480579,Y=14.794672,Z=1.041907),(X=-4.360587,Y=14.191835,Z=1.564206),(X=-4.60143,Y=14.232987,Z=0.489226))","true","(Pitch=3.887981,Yaw=99.335793,Roll=-166.773285)","(X=15.945016,Y=-18.607942,Z=-51.013732)"
